Date,title
20200103,1
20200106,1
20200107,2
20200108,1
20200109,2
20200113,1
20200114,4
20200116,3
20200117,3
20200121,3
20200122,3
20200123,3
20200124,1
20200127,2
20200128,2
20200129,2
20200131,3
20200203,2
20200205,1
20200207,1
20200213,1
20200214,1
20200218,1
20200219,1
20200221,2
20200224,3
20200225,3
20200228,2
20200302,1
20200306,1
20200309,2
20200313,1
20200315,1
20200318,2
20200319,1
20200323,3
20200325,1
20200330,3
20200331,1
20200401,1
20200403,2
20200406,1
20200408,1
20200410,2
20200413,1
20200414,2
20200416,1
20200417,1
20200422,3
20200427,1
20200429,1
20200504,2
20200506,2
20200513,2
20200514,1
20200520,3
20200521,1
20200525,1
20200526,1
20200527,1
20200528,2
20200529,2
20200602,1
20200603,1
20200604,1
20200605,2
20200608,1
20200609,2
20200615,1
20200616,1
20200622,1
20200623,2
20200624,1
20200626,1
20200629,1
20200630,1
20200703,1
20200706,3
20200709,1
20200713,2
20200714,1
20200715,1
20200721,1
20200722,1
20200731,1
20200806,1
20200814,1
20200818,1
20200821,2
20200824,1
20200826,1
20200828,1
20200831,1
20200901,2
20200903,2
20200907,1
20200914,1
20200916,2
20200921,2
20200922,1
20200923,1
20200924,1
20200925,1
20200928,1
20200929,1
20201005,1
20201105,4
20201204,1
20201207,1
20201208,1
20210106,3
20210107,3
20210111,5
20210114,1
20210115,1
20210118,1
20210119,1
20210120,2
20210122,1
20210126,2
20210127,1
20210128,1
20210129,1
20210201,2
20210203,1
20210204,4
20210205,1
20210209,1
20210215,2
20210218,2
20210223,2
20210224,2
20210225,2
20210302,1
20210304,1
20210307,1
20210308,1
20210310,1
20210311,1
20210317,1
20210318,1
20210322,1
20210324,1
20210326,2
20210331,1
20210402,1
20210405,1
20210406,1
20210412,1
20210413,1
20210415,2
20210419,2
20210420,2
20210421,1
20210426,3
20210427,1
20210428,3
20210502,1
20210503,1
20210504,2
20210510,1
20210511,1
20210512,1
20210513,1
20210514,1
20210518,2
20210519,1
20210520,1
20210531,2
20210603,1
20210604,2
20210608,1
20210611,1
20210614,1
20210615,4
20210618,1
20210621,1
20210622,1
20210629,1
20210702,2
20210708,1
20210709,1
20210713,3
20210714,2
20210723,1
20210727,1
20210802,1
20210803,1
20210804,1
20210805,1
20210806,1
20210809,1
20210811,2
20210812,1
20210813,3
20210817,1
20210818,1
20210819,2
20210823,1
20210825,3
20210826,1
20210830,1
20210831,1
20210902,1
20210917,1
20210923,1
20210925,1
20210930,1
20211004,1
20211006,1
20211008,1
20211102,2
20211103,1
20211201,1
20211202,1
20211206,1
20211209,3
20220103,2
20220106,1
20220110,2
20220114,1
20220116,1
20220118,1
20220119,1
20220121,1
20220125,2
20220127,4
20220130,1
20220204,1
20220207,2
20220211,1
20220212,1
20220216,1
20220217,2
20220228,2
20220311,1
20220312,1
20220314,1
20220316,1
20220323,1
20220324,1
20220325,1
20220328,1
20220329,1
20220401,1
20220406,1
20220418,1
20220425,1
20220502,1
20220518,2
20220519,1
20220526,1
20220528,1
20220531,1
20220616,2
20220620,1
20220621,1
20220622,1
20220623,1
20220628,1
20220629,1
20220704,1
20220706,1
20220712,1
20220713,1
20220714,2
20220717,1
20220719,2
20220721,1
20220727,1
20220728,3
20220731,1
20220817,1
20220818,1
20220822,2
20220823,2
20220824,3
20220830,1
20220907,1
20220910,1
20220913,1
20220914,1
20220916,2
20220926,2
20220929,1
20221004,3
20221005,2
20221107,1
20221205,1
20221207,1
20221208,1
20230102,1
20230111,1
20230112,1
20230117,1
20230125,1
20230127,2
20230130,2
20230202,1
20230213,1
20230216,2
20230217,1
20230220,1
20230223,1
20230309,1
20230314,1
20230315,1
20230316,2
20230322,1
20230323,1
20230327,1
20230331,1
20230404,1
20230410,1
20230411,2
20230417,1
20230419,1
20230420,2
20230424,1
20230502,2
20230508,3
20230512,1
20230515,1
20230518,1
20230519,1
20230522,1
20230523,1
20230530,1
20230604,1
20230608,1
20230612,2
20230613,1
20230616,1
20230619,1
20230621,1
20230622,1
20230626,1
20230628,1
20230703,1
20230704,2
20230718,1
20230719,1
20230725,1
20230728,1
20230801,1
20230802,1
20230807,2
20230808,2
20230809,1
20230811,3
20230824,2
20230828,1
20230829,1
20230831,2
20230901,1
20230904,1
20230911,3
20230912,2
20230915,2
20230921,2
20230922,1
20230925,1
20230926,3
20231004,1
20231005,1
20231101,2
20231102,1
20231106,2
20231108,1
20231201,2
20231205,2
20231206,1
20231207,1
20240102,1
20240103,1
20240110,2
20240111,1
20240115,1
20240118,1
20240119,2
20240122,1
20240123,1
20240124,1
20240125,1
20240126,1
20240205,1
20240208,1
20240215,2
20240216,1
20240219,1
20240221,1
20240223,1
20240226,2
20240228,1
20240229,1
20240311,1
20240315,1
20240318,1
20240325,1
20240326,2
20240327,1
20240328,1
20240329,1
20240401,1
20240402,2
20240403,1
20240404,1
20240408,1
20240409,1
20240412,1
20240416,2
20240418,1
20240419,1
20240422,1
20240423,1
20240424,1
20240429,2
20240430,2
20240507,1
20240508,1
20240510,1
20240513,1
20240514,1
20240516,1
20240517,1
20240521,1
20240522,2
20240527,3
20240529,2
20240530,2
20240610,1
20240611,1
20240612,2
20240613,1
20240614,1
20240617,1
20240618,2
20240619,4
20240620,1
20240626,2
20240628,1
20240705,1
20240709,1
20240711,1
20240712,1
20240719,1
20240722,1
20240723,2
20240726,1
20240729,1
20240801,1
20240805,2
20240806,1
20240807,3
20240809,1
20240820,1
20240821,3
20240822,1
20240826,1
20240827,2
20240828,2
20240829,1
20240830,1
20240903,1
20240904,4
20240911,2
20240912,1
20240913,2
20240920,1
20240923,1
20240924,2
20240926,2
20240930,2
20241004,4
20241007,1
20241013,4
20241014,1
20241016,20
20241017,6
20241018,2
20241021,3
20241022,1
20241023,6
20241024,1
20241026,1
20241027,1
20241028,3
20241029,3
20241031,7
20241101,1
20241112,4
20241113,8
20241114,2
20241115,7
20241117,2
20241118,27
20241119,7
20241120,9
20241121,6
20241122,14
20241124,2
20241125,6
20241126,3
20241127,4
20241128,6
20241129,4
20241202,2
20241203,1
20241204,1
20241205,3
20241206,1
20241208,2
20241209,1
20241210,8
